Division Code,#,Comp. Prd Name,Stockist product,Match,Pack,OPSTK,PURCH,SALE,SALE VAL,IN/OT,STOCK,STK VAL,DEC,NOV,STK120,EXP3M
,1,—,ABOCAL 500MG TAB,unmatched,15TAB,0,0,0,—,0,0,—,0,0,0,0
,2,—,ABTIKA 60MG TAB,unmatched,10TAB,0,0,0,—,0,0,—,0,0,0,0
,3,—,ABTIKA 90MG TAB,unmatched,10TAB,0,0,0,—,0,0,—,0,0,0,0
,4,—,ABVIDA 50MG TAB,unmatched,15TAB,20.00,0,0,—,0,20.00,"₹2,823",0,0,20.00,0
,5,—,ABVIDA M 50MG/500MG TAB,unmatched,15TAB,13.00,10.00,9.00,"₹1,863",0,14.00,"₹2,608",2.00,2.00,0,0
,6,—,ABVIDA TRIO 500MG TAB,unmatched,10,9.00,0,0,—,0,9.00,"₹1,058",7.00,7.00,0,0
,7,—,ACITROM 1.5MG,unmatched,30,38.00,0,0,—,-38.00,0,—,0,0,0,0
,8,—,ACITROM 1MG TAB,unmatched,30TAB,24.00,0,2.00,₹503,0,22.00,"₹4,983",12.00,17.00,0,0
,9,—,ACITROM 2.5MG TAB,unmatched,30TAB,0,0,0,—,0,0,—,0,0,0,0
,10,—,ACITROM 2MG TAB,unmatched,30TAB,14.00,10.00,5.00,"₹1,971",0,19.00,"₹7,415",17.00,8.00,0,0
,11,—,ACITROM 3.5MG,unmatched,30,43.00,0,0,—,-43.00,0,—,0,0,0,0
,12,—,ACITROM 3MG TAB,unmatched,30TAB,16.00,0,7.00,"₹3,526",0,9.00,"₹4,080",19.00,10.00,0,0
,13,—,ACITROM 4MG TAB,unmatched,30TAB,19.00,10.00,10.00,"₹5,374",0,19.00,"₹9,189",12.00,10.00,0,0
,14,—,ACUVERT 5MG TAB,unmatched,15,0,0,0,—,0,0,—,0,0,0,0
,15,—,AMISANT 100MG TAB,unmatched,10TAB,10.00,0,0,—,0,10.00,"₹1,364",0,0,10.00,0
,16,—,AMISANT 50MG TAB,unmatched,10TAB,10.00,0,0,—,0,10.00,₹664,0,0,10.00,0
,17,—,ANAFORTAN INJ,unmatched,2ML,0,100.00,0,—,0,100.00,"₹2,561",100.00,0,0,0
,18,—,ANAFORTAN TAB,unmatched,15TAB,13.00,0,1.00,₹72,0,12.00,₹773,11.00,10.00,0,0
,19,—,AQUAVIRON CAP,unmatched,10CAP,13.00,0,2.00,₹368,0,11.00,"₹1,822",2.00,0,11.00,0
,20,—,AQUAVIRON INJ,unmatched,1ML,72.00,0,6.00,"₹1,109",0,66.00,"₹10,982",156.00,36.00,0,0
,21,—,ARACHITOL 6L INJ,unmatched,6X1ML,70.00,20.00,54.00,"₹20,930",0,36.00,"₹12,558",58.00,48.00,0,0
,22,—,ARACHITOL NANO 60K IU SF,unmatched,4X5ML,116.00,120.00,170.00,"₹53,381",0,66.00,"₹19,573",122.00,87.00,0,0
,23,—,B STIL 24MG TAB,unmatched,10TAB,0,0,0,—,0,0,—,0,0,0,0
,24,—,BASITON FORTE TAB,unmatched,15TAB,8.00,0,4.00,₹174,0,4.00,₹156,6.00,8.00,4.00,0
,25,—,BETOGAIN SYRUP,unmatched,200ML,0,0,0,—,0,0,—,0,0,0,0
,26,—,BETONIN AST,unmatched,225ML,46.00,40.00,37.00,"₹6,996",0,49.00,"₹8,338",34.00,40.00,0,0
,27,—,BETONIN AST medica,unmatched,210ML,0,0,0,—,0,0,—,0,0,0,0
,28,—,BILAZEST 20MG TAB,unmatched,10,49.00,0,30.00,"₹4,659",0,19.00,"₹2,655",70.00,59.00,0,0
,29,—,BILAZEST M TAB,unmatched,10TAB,78.00,0,53.00,"₹8,757",0,25.00,"₹3,718",49.00,49.00,0,0
,30,—,BISOSAFE 5MG,unmatched,10,0,0,0,—,0,0,—,0,0,0,0
,31,—,BISOSAFE AM 2.5MG TAB,unmatched,10TAB,6.00,0,3.00,₹149,0,3.00,₹134,0,1.00,0,0
,32,—,BISOSAFE AM 5MG TAB,unmatched,10TAB,29.00,0,0,—,0,29.00,"₹1,739",0,0,29.00,0
,33,—,BISOSAFE T 2.5MG+40MG TAB,unmatched,10TAB,16.00,0,0,—,-16.00,0,—,0,1.00,0,0
,34,—,BISOSAFE T 5MG+40MG TAB,unmatched,10TAB,2.00,0,2.00,₹179,0,0,—,0,7.00,0,0
,35,—,BRIVAJOY 25MG TAB,unmatched,14,16.00,0,0,—,2.00,18.00,"₹1,782",4.00,0,16.00,0
,36,—,BRIVAJOY 50MG TAB,unmatched,14TAB,6.00,20.00,4.00,₹910,0,22.00,"₹5,504",19.00,5.00,0,0
,37,—,BRUFEN 200MG TAB,unmatched,15TAB,87.00,0,61.00,₹523,0,26.00,₹202,53.00,44.00,0,0
,38,—,BRUFEN 400MG TAB,unmatched,20,162.00,0,65.00,"₹1,252",0,97.00,"₹1,702",102.00,151.00,0,0
,39,—,BRUFEN 600MG TAB,unmatched,15TAB,99.00,0,62.00,"₹1,731",8.00,45.00,"₹1,226",81.00,47.00,0,0
,40,—,BRUGEL ACTIFAST GEL,unmatched,30GM,9.00,0,1.00,₹165,0,8.00,"₹1,191",4.00,17.00,0,0
,41,—,CANDY COP PRO TOOTH PASTE,unmatched,50GM,0,30.00,0,—,0,30.00,"₹4,485",0,0,0,0
,42,—,CITRO-SODA,unmatched,4GM,701.00,0,429.00,"₹9,420",11.00,283.00,"₹6,107",395.00,625.00,0,0
,43,—,CITRO-SODA UTI,unmatched,5GM,68.00,0,0,—,-68.00,0,—,7.00,31.00,0,0
,44,—,CLARIBID 250 DS SUSP,unmatched,30ML,0,0,0,—,0,0,—,0,0,0,0
,45,—,CLARIBID 250MG TAB (DPCO),unmatched,10TAB,83.00,0,52.00,"₹10,183",5.00,36.00,"₹6,345",67.00,38.00,0,0
,46,—,CLARIBID 500MG TAB (DPCO),unmatched,10TAB,83.00,200.00,158.00,"₹49,999",0,125.00,"₹36,476",111.00,68.00,0,0
,47,—,CLARIBID OD 1MG,unmatched,7,10.00,0,0,—,0,10.00,"₹3,614",0,0,0,0
,48,—,CLARIBID OD 500MG TAB,unmatched,7TAB,34.00,0,13.00,"₹3,249",0,21.00,"₹4,724",24.00,35.00,0,0
,49,—,COLOSPA 135MG TAB,unmatched,15TAB,46.00,0,24.00,"₹7,375",0,22.00,"₹6,136",17.00,30.00,0,0
,50,—,COLOSPA RETARD CAP,unmatched,15CAP,15.00,0,9.00,"₹3,972",5.00,11.00,"₹4,369",12.00,28.00,0,0
,51,—,COLOSPA X TAB,unmatched,20TAB,45.00,0,20.00,"₹6,380",0,25.00,"₹7,178",11.00,28.00,0,0
,52,—,COMBINORM CAP,unmatched,15CAP,0,0,0,—,0,0,—,0,0,0,0
,53,—,COMBINORM PLUS CAP,unmatched,NA,9.00,0,2.00,"₹1,044",0,7.00,"₹3,289",1.00,0,7.00,0
,54,—,CREMA-ANO CREAM,unmatched,20GM,4.00,0,2.00,₹265,0,2.00,₹238,1.00,0,2.00,0
,55,—,CREMAFFIN MF,unmatched,450ML,16.00,16.00,21.00,"₹6,138",0,11.00,"₹2,894",25.00,35.00,0,0
,56,—,CREMAFFIN MINT,unmatched,225ML,155.00,0,79.00,"₹18,404",0,76.00,"₹16,603",114.00,176.00,0,0
,57,—,CREMAFFIN MIX-FRUIT,unmatched,225ML,41.00,60.00,62.00,"₹13,682",0,39.00,"₹7,745",60.00,19.00,0,0
,58,—,CREMAFFIN PLUS,unmatched,225ML,305.00,0,217.00,"₹55,849",0,88.00,"₹20,383",302.00,243.00,0,0
,59,—,CREMAGEL 2%,unmatched,30GM,12.00,0,12.00,"₹2,196",0,0,—,8.00,206.00,0,0
,60,—,CREMAGEL L,unmatched,30GM,18.00,0,10.00,"₹2,377",0,8.00,"₹1,711",24.00,15.00,0,0
,61,—,CREMALAX 10MG TAB,unmatched,6TAB,72.00,"1,080.00",137.00,"₹8,323",0,"1,015.00","₹58,281",107.00,101.00,0,0
,62,—,CREMAPEG SALES KIT,unmatched,200ML,3.00,0,1.00,₹520,0,2.00,₹477,0,0,2.00,0
,63,—,CREMAPEG SOLUTION,unmatched,200ML,0,0,0,—,0,0,—,0,0,0,0
,64,—,CROTOREX HC CREAM,unmatched,10GM,22.00,0,8.00,₹566,0,14.00,₹912,11.00,5.00,0,0
,65,—,CYTOGARD 20MG TAB,unmatched,10TAB,11.00,6.00,8.00,₹912,0,9.00,"₹1,016",1.00,3.00,3.00,0
,66,—,CYTOGARD MR 35MG TAB,unmatched,10,7.00,0,3.00,₹407,0,4.00,₹489,3.00,4.00,0,0
,67,—,CYTOGARD OD 60MG CAP,unmatched,15,18.00,20.00,15.00,"₹6,070",0,23.00,"₹8,377",16.00,18.00,0,0
,68,—,CYTOGARD OD 80MG CAP,unmatched,10CAP,11.00,0,0,—,0,11.00,"₹2,430",1.00,10.00,0,0
,69,—,DABLEXA 110MG CAP,unmatched,10CAP,9.00,10.00,9.00,"₹2,330",0,10.00,"₹2,330",3.00,5.00,0,0
,70,—,DABLEXA 150MG CAP,unmatched,10CAP,12.00,0,0,—,0,12.00,"₹3,128",0,5.00,0,0
,71,—,DELETUS BL SYRUP,unmatched,100ML,56.00,0,8.00,₹876,0,48.00,"₹4,786",21.00,13.00,0,0
,72,—,DELETUS BX NEW SYRUP,unmatched,100ML,20.00,50.00,16.00,"₹1,653",0,54.00,"₹5,149",13.00,18.00,0,0
,73,—,DELETUS D PLUS SYRUP,unmatched,100ML,110.00,55.00,107.00,"₹12,740",0,58.00,"₹6,274",101.00,65.00,0,0
,74,—,DELETUS LS JR. SYRUP,unmatched,60ML,26.00,60.00,25.00,"₹1,882",0,61.00,"₹4,306",42.00,9.00,0,0
,75,—,DELETUS LS SYRUP,unmatched,100ML,44.00,0,19.00,"₹1,950",0,25.00,"₹2,310",46.00,14.00,0,0
,76,—,DELETUS P LIQUID,unmatched,100ML,92.00,0,39.00,"₹5,285",0,53.00,"₹6,463",36.00,12.00,0,0
,77,—,DELETUS P NEW SYRUP,unmatched,100ML,1.00,0,1.00,₹123,0,0,—,4.00,13.00,0,0
,78,—,DELETUS PEARLS,unmatched,10TAB,46.00,0,34.00,"₹2,579",0,12.00,₹819,37.00,12.00,0,0
,79,—,DEPSONIL 25 TAB,unmatched,10TAB,259.00,200.00,307.00,"₹3,961",0,152.00,"₹1,865",192.00,141.00,0,0
,80,—,DIENONORM 2MG TAB,unmatched,10TAB,0,0,0,—,0,0,—,0,0,0,0
,81,—,DIGENE INSTA MINT,unmatched,5X10ML,55.00,0,0,—,0,55.00,₹1,5.00,0,0,0
,82,—,DIGENE MINT GEL,unmatched,200ML,182.00,120.00,156.00,"₹20,657",0,146.00,"₹18,095",113.00,105.00,0,0
,83,—,DIGENE MINT TAB,unmatched,15TAB,278.00,390.00,542.00,"₹10,804",0,126.00,"₹2,601",478.00,534.00,0,0
,84,—,DIGENE MIXED FRUIT GEL,unmatched,200ML,34.00,0,15.00,"₹1,852",0,19.00,"₹2,262",14.00,10.00,0,0
,85,—,DIGERAFT PLUS SUSP.,unmatched,200ML,15.00,30.00,18.00,"₹4,045",0,27.00,"₹5,460",19.00,10.00,0,0
,86,—,DIGERAFT SUSP.,unmatched,200ML,32.00,30.00,41.00,"₹8,763",0,21.00,"₹4,348",44.00,48.00,0,0
,87,—,DIGERAFT XT SUSPEN,unmatched,200ML,35.00,0,21.00,"₹4,620",0,14.00,"₹2,772",13.00,13.00,0,0
,88,—,DIPSALIC F OINT,unmatched,30GM,32.00,0,9.00,"₹1,530",0,23.00,"₹3,519",16.00,32.00,0,0
,89,—,DUPHALAC IP,unmatched,450ML,76.00,0,40.00,"₹18,000",0,36.00,"₹14,580",54.00,68.00,0,0
,90,DUPHASTON TABLETS 10MG 10'S (F.C.),DUPHASTON 10MG TAB,matched,10TAB,112.00,0,65.00,"₹44,661",0,47.00,"₹29,065",96.00,64.00,0,0
,91,—,DURAJOINT GM TAB,unmatched,10TAB,36.00,30.00,26.00,"₹8,075",0,40.00,"₹11,181",25.00,16.00,0,0
,92,—,DURAPAIN TAB,unmatched,10TAB,71.00,0,29.00,"₹6,337",0,42.00,"₹8,260",39.00,41.00,0,0
,93,—,DUVADILAN 10MG TAB,unmatched,50TAB,23.00,0,9.00,"₹1,570",0,14.00,"₹2,198",22.00,19.00,0,0
,94,—,DUVADILAN 5MG INJ,unmatched,6X2ML,0,0,0,—,0,0,—,0,0,0,0
,95,—,DUVADILAN RETARD CAP,unmatched,15,32.00,0,11.00,"₹2,458",0,21.00,"₹4,223",14.00,9.00,0,0
,96,—,EBILITY ASP TAB,unmatched,10TAB,10.00,0,10.00,₹857,0,0,—,0,0,0,0
,97,—,ELDICET 50MG TAB,unmatched,15TAB,29.00,0,11.00,"₹4,674",0,18.00,"₹6,884",11.00,7.00,0,0
,98,—,ELOCON CREAM,unmatched,30GM,13.00,12.00,9.00,"₹3,754",0,16.00,"₹6,605",7.00,7.00,0,0
,99,—,ELOCON OINT,unmatched,30GM,4.00,12.00,3.00,"₹1,406",0,13.00,"₹5,482",3.00,5.00,0,0
,100,—,EMOLENE CREAM,unmatched,100GM,116.00,60.00,67.00,"₹19,877",0,109.00,"₹29,220",172.00,58.00,0,0
,101,—,EMPEXEL 10MG TAB,unmatched,15TAB,26.00,0,2.00,₹214,0,24.00,"₹2,314",0,1.00,24.00,0
,102,—,EMPEXEL 25MG TAB,unmatched,15TAB,19.00,0,5.00,₹643,0,14.00,"₹1,620",1.00,2.00,0,0
,103,—,EMPEXEL L 25/5MG TAB,unmatched,10TAB,10.00,0,6.00,₹771,3.00,7.00,₹810,10.00,10.00,0,0
,104,—,EMPEXEL M 12.5/1000MG TAB,unmatched,10TAB,40.00,0,0,—,0,40.00,"₹5,141",0,0,40.00,0
,105,—,EMPEXEL M 12.5/500MG TAB,unmatched,10TAB,17.00,0,0,—,0,17.00,"₹1,748",4.00,0,17.00,0
,106,—,EMPEXEL M SR 10/1000,unmatched,15,40.00,0,0,—,0,40.00,"₹6,557",0,0,40.00,0
,107,—,EMPEXEL M SR 25/1000,unmatched,15,30.00,0,0,—,0,30.00,"₹5,496",0,0,30.00,0
,108,—,ENLIVA CAP,unmatched,10CAP,34.00,0,12.00,"₹2,388",0,22.00,"₹3,940",11.00,6.00,0,0
,109,—,EPILEX 200MG TAB,unmatched,15,21.00,20.00,12.00,₹525,0,29.00,"₹1,143",27.00,14.00,0,0
,110,—,EPILEX CHRONO 200MG,unmatched,15TAB,37.00,0,0,—,0,37.00,"₹3,665",0,3.00,0,0
,111,—,EPILEX CHRONO 300,unmatched,15,21.00,20.00,12.00,₹894,0,29.00,"₹1,944",6.00,16.00,0,0
,112,—,EPILEX CHRONO 500MG,unmatched,15,41.00,20.00,31.00,"₹3,512",0,30.00,"₹3,059",23.00,13.00,0,0
,113,—,EPILEX ORAL SOLU,unmatched,200ML,9.00,0,0,—,0,9.00,"₹3,789",1.00,3.00,0,0
,114,—,EPTOIN 100MG TAB,unmatched,120TAB,31.00,36.00,41.00,"₹7,045",1.00,27.00,"₹4,175",43.00,27.00,0,0
,115,—,EPTOIN 300 ER,unmatched,30,4.00,0,2.00,₹315,0,2.00,₹284,0,1.00,2.00,0
,116,—,EPTOIN 50MG,unmatched,150,24.00,0,1.00,₹101,0,23.00,"₹2,111",2.00,0,1.00,0
,117,—,EPTOIN INJ,unmatched,2ML,40.00,50.00,25.00,₹242,0,65.00,₹566,10.00,35.00,0,0
,118,—,EPTOIN SUPSPEN,unmatched,200ML,0,0,0,—,0,0,—,0,10.00,0,0
,119,—,ESGIPYRIN DS,unmatched,3ML,300.00,0,0,—,0,300.00,"₹1,095",0,0,300.00,0
,120,—,ESGIPYRIN TAB,unmatched,15,0,0,0,—,0,0,—,0,0,0,0
,121,—,ESOGA RD CAP,unmatched,10CAP,63.00,100.00,76.00,"₹10,151",0,87.00,"₹10,458",60.00,58.00,0,0
,122,—,ESOKEM 40MG CAP,unmatched,15TAB,0,0,0,—,0,0,—,0,0,0,0
,123,—,ESOKEM D CAP,unmatched,15CAP,50.00,0,2.00,₹278,0,48.00,"₹5,996",0,0,48.00,0
,124,—,ESSENTIALE L 1 G,unmatched,10CAP,0,0,0,—,0,0,—,0,0,0,0
,125,Estrabet 1mg tablet 28s USP,ESTRABET 1MG TAB,matched,28TAB,88.00,0,19.00,"₹4,467",0,69.00,"₹15,944",44.00,8.00,0,0
,126,Estrabet 2mg tablet 28s USP,ESTRABET 2MG TAB,matched,28TAB,112.00,0,48.00,"₹25,011",0,64.00,"₹30,015",96.00,44.00,0,0
,127,Estrabet Gel 80 gm,ESTRABET GEL,matched,80GM,0,270.00,194.00,"₹1,67,197",0,76.00,"₹62,837",84.00,128.00,0,0
,128,—,ETODY 120MG,unmatched,10TAB,10.00,0,1.00,₹240,0,9.00,"₹1,945",4.00,0,0,0
,129,—,ETODY 60MG,unmatched,10TAB,0,0,0,—,0,0,—,0,0,0,0
,130,—,ETODY 90MG,unmatched,10TAB,23.00,20.00,23.00,"₹4,722",5.00,25.00,"₹4,619",17.00,15.00,0,0
,131,—,EXERGE,unmatched,15TAB,8.00,0,1.00,₹282,0,7.00,"₹1,777",1.00,2.00,0,0
,132,—,FACECLIN AT,unmatched,20GM,10.00,0,2.00,₹605,0,8.00,"₹2,177",0,0,0,0
,133,—,FACECLIN CREAM,unmatched,20GM,24.00,10.00,17.00,"₹2,860",0,17.00,"₹2,574",16.00,20.00,0,0
,134,—,FACECLIN FACE WASH,unmatched,100GM,16.00,6.00,9.00,"₹4,058",0,13.00,"₹5,275",9.00,14.00,0,0
,135,—,FAMTAC 40MG TAB,unmatched,14TAB,60.00,60.00,60.00,"₹1,827",0,60.00,"₹1,644",66.00,54.00,0,0
,136,—,FEBUSTAT 20MG,unmatched,15,51.00,0,28.00,"₹4,392",0,23.00,"₹3,247",43.00,27.00,0,0
,137,—,FEBUSTAT 40MG,unmatched,15TAB,262.00,100.00,171.00,"₹43,981",0,191.00,"₹44,213",307.00,197.00,0,0
,138,—,FEBUSTAT 80MG,unmatched,15TAB,46.00,0,21.00,"₹8,430",20.00,45.00,"₹16,258",39.00,13.00,0,0
,139,FEMOSTON 1/10 (28S) SALE PACK,FEMOSTON 1/10,matched,28,52.00,0,0,—,-9.00,43.00,"₹39,169",4.00,16.00,3.00,0
,140,—,FLAGYL 200 MG (DPCO),unmatched,20,530.00,0,309.00,"₹3,822",0,221.00,"₹2,641",96.00,103.00,11.00,0
,141,—,FLAGYL 400MG (DPCO),unmatched,20,341.00,120.00,453.00,"₹10,282",0,8.00,₹178,228.00,180.00,0,0
,142,—,FLAGYL ER 600MG TAB,unmatched,10TAB,16.00,10.00,13.00,₹680,2.00,15.00,₹707,4.00,7.00,0,0
,143,—,FLAGYL GEL,unmatched,20GM,24.00,20.00,16.00,"₹1,162",0,28.00,"₹1,830",22.00,16.00,0,0
,144,—,FLAGYL OF 200/100MG SUSPEN,unmatched,60ML,59.00,0,5.00,₹250,0,54.00,"₹2,426",0,1.00,0,0
,145,—,FLEXJAK ER 11MG,unmatched,10,0,0,0,—,0,0,—,0,0,0,0
,146,—,FLORACHAMP SACHET ORANGE FLA.,unmatched,5GM,50.00,70.00,59.00,"₹2,640",0,61.00,"₹2,456",59.00,35.00,0,0
,147,—,FOLLIHAIR A,unmatched,15,23.00,12.00,12.00,"₹3,645",0,23.00,"₹6,287",12.00,6.00,0,0
,148,—,FOLLIHAIR AMPM TAB,unmatched,20,18.00,24.00,17.00,"₹6,097",0,25.00,"₹8,070",7.00,14.00,0,0
,149,—,FOLLIHAIR BOTTLE,unmatched,30TAB,34.00,30.00,32.00,"₹19,070",0,32.00,"₹17,163",26.00,22.00,0,0
,150,—,FOLLIHAIR NEW TAB,unmatched,15,36.00,36.00,31.00,"₹9,416",0,41.00,"₹11,207",20.00,22.00,0,0
,151,—,FOLLIHAIR RCP SERUM,unmatched,60ML,8.00,10.00,8.00,"₹10,251",0,10.00,"₹11,532",2.00,3.00,0,0
,152,—,FOLLISERUM,unmatched,60ML,10.00,0,5.00,"₹5,197",0,5.00,"₹4,677",3.00,4.00,0,0
,153,—,FORTIUS 10MG TAB,unmatched,10TAB,44.00,50.00,44.00,"₹1,255",0,50.00,"₹1,284",36.00,24.00,0,0
,154,—,FORTIUS 20MG TAB,unmatched,10,10.00,0,0,—,0,10.00,"₹1,420",0,0,0,0
,155,—,FORTIUS 40MG TAB,unmatched,10,13.00,0,2.00,₹524,0,11.00,"₹2,593",9.00,1.00,1.00,0
,156,—,FORTIUS 5MG,unmatched,10TAB,24.00,30.00,24.00,₹479,0,30.00,₹539,18.00,6.00,0,0
,157,—,FORTIUS F 10MG,unmatched,10,15.00,0,1.00,₹176,0,14.00,"₹2,465",6.00,6.00,14.00,0
,158,—,FORTIUS F 20MG,unmatched,10,0,0,0,—,0,0,—,0,0,0,0
,159,—,FORTIUS GOLD 10MG,unmatched,NA,35.00,0,0,—,0,35.00,"₹3,924",0,0,35.00,0
,160,—,GANATON 50MG TAB,unmatched,10TAB,150.00,0,150.00,"₹23,868",0,0,—,152.00,159.00,0,0
,161,—,GANATON OD,unmatched,10TAB,19.00,0,5.00,"₹1,802",0,14.00,"₹4,542",11.00,17.00,0,0
,162,—,GANATON TOTAL CAP,unmatched,10CAP,32.00,0,32.00,"₹12,249",0,0,—,17.00,40.00,0,0
,163,—,GLIMER M1 TAB,unmatched,15,0,0,0,—,0,0,—,0,0,0,0
,164,—,GLIMER M2 FORTE TAB,unmatched,15,0,0,0,—,0,0,—,0,0,0,0
,165,—,GLIMER MV 1MG,unmatched,15,0,0,0,—,0,0,—,0,0,0,0
,166,—,GLIMER MV 2,unmatched,15,0,0,0,—,0,0,—,0,0,0,0
,167,—,GLUFORMIN 500 TAB,unmatched,10TAB,11.00,30.00,11.00,₹166,0,30.00,₹407,8.00,3.00,0,0
,168,—,GLUFORMIN G1 FORTE,unmatched,15,9.00,0,3.00,₹483,0,6.00,₹869,4.00,3.00,6.00,0
,169,—,GLUFORMIN G1 TAB,unmatched,15TAB,29.00,0,2.00,₹279,0,27.00,"₹3,384",5.00,14.00,0,0
,170,—,GLUFORMIN G2 FORTE,unmatched,15,11.00,0,3.00,₹684,0,8.00,"₹1,641",6.00,0,0,0
,171,—,GLUFORMIN G2 TAB,unmatched,15TAB,22.00,20.00,17.00,"₹3,717",0,25.00,"₹4,920",19.00,10.00,0,0
,172,—,GLUFORMIN GS FORTE 1MG TAB,unmatched,10TAB,0,0,0,—,0,0,—,0,0,0,0
,173,—,GLUFORMIN GS FORTE 2MG TAB,unmatched,10TAB,0,0,0,—,0,0,—,0,0,0,0
,174,—,GLUFORMIN XL 1000 (DPCO),unmatched,15TAB,34.00,0,5.00,₹247,0,29.00,"₹1,290",6.00,20.00,0,0
,175,—,GLUFORMIN XL 500MG,unmatched,15TAB,48.00,40.00,43.00,"₹1,089",0,45.00,"₹1,026",24.00,35.00,0,0
,176,—,GLUJECT 10MG,unmatched,15TAB,30.00,0,0,—,0,30.00,"₹5,251",5.00,3.00,10.00,0
,177,—,GLUJECT S 10MG TAB,unmatched,10TAB,20.00,0,6.00,"₹1,089",0,14.00,"₹2,287",11.00,2.00,0,0
,178,—,GTN SORBITRATE CR 2.6 TAB,unmatched,30TAB,50.00,0,31.00,"₹7,411",0,19.00,"₹4,088",25.00,26.00,0,0
,179,—,GTN SORBITRATE CR 6.4 TAB,unmatched,30TAB,20.00,0,8.00,"₹2,564",0,12.00,"₹3,462",7.00,4.00,0,0
,180,—,GUMLOC TOTAL TOOTHPASTE,unmatched,100GM,0,0,0,—,0,0,—,0,0,0,0
,181,—,HANSEPRAN 100MG CAP,unmatched,10CAP,198.00,0,36.00,"₹1,147",10.00,172.00,"₹4,930",122.00,53.00,0,0
,182,—,HANSEPRAN 50 MG CAP,unmatched,10CAP,100.00,0,16.00,₹270,0,84.00,"₹1,276",58.00,68.00,0,0
,183,—,HFTRIL 50MG,unmatched,14,13.00,0,4.00,"₹1,355",0,9.00,"₹2,744",4.00,3.00,0,0
,184,—,HYDENT 360 MOUTH WASH,unmatched,100ML,11.00,0,3.00,₹403,1.00,9.00,"₹1,087",4.00,1.00,9.00,0
,185,—,HYDENT K NEW,unmatched,100GM,0,0,0,—,0,0,—,0,0,0,0
,186,—,HYDENT PRO TOOTHPASTE,unmatched,70GM,13.00,10.00,12.00,"₹3,059",0,11.00,"₹2,524",9.00,13.00,0,0
,187,—,HYTRIN 1MG,unmatched,10,8.00,0,2.00,₹419,0,6.00,"₹1,132",10.00,5.00,0,0
,188,—,HYTRIN 1MG TAB,unmatched,10TAB,10.00,30.00,24.00,"₹5,029",0,16.00,"₹3,017",9.00,6.00,0,0
,189,—,HYTRIN 2MG,unmatched,10,0,40.00,3.00,₹932,0,37.00,"₹10,340",0,0,0,0
,190,—,HYTRIN 2MG TAB,unmatched,10TAB,15.00,0,15.00,"₹4,658",0,0,—,15.00,0,0,0
,191,—,I TYZA 100MG,unmatched,10,7.00,10.00,7.00,₹950,0,10.00,"₹1,221",5.00,6.00,0,0
,192,—,I TYZA 200MG CAP,unmatched,10CAP,30.00,0,3.00,₹540,0,27.00,"₹4,374",1.00,6.00,0,0
,193,—,I TYZA SB 100,unmatched,10,0,0,0,—,0,0,—,0,0,0,0
,194,—,INDERAL 10MG,unmatched,15,60.00,80.00,96.00,"₹1,532",-4.00,40.00,₹574,89.00,64.00,0,0
,195,—,INDERAL 20MG,unmatched,15,57.00,0,22.00,₹858,0,35.00,"₹1,229",15.00,22.00,0,0
,196,—,INDERAL 40MG,unmatched,15,84.00,40.00,76.00,"₹2,985",0,48.00,"₹1,697",72.00,37.00,0,0
,197,—,INDERAL LA 20MG TAB,unmatched,15TAB,70.00,60.00,73.00,"₹2,847",0,57.00,"₹2,001",75.00,36.00,0,0
,198,—,INDERAL LA 40MG,unmatched,15,55.00,30.00,45.00,"₹1,768",0,40.00,"₹1,414",35.00,27.00,0,0
,199,—,IVABID 5MG TAB,unmatched,14TAB,9.00,0,2.00,₹658,0,7.00,"₹2,072",6.00,8.00,0,0
,200,—,IVABID 7.5 TAB,unmatched,14,0,0,0,—,0,0,—,0,0,0,0
,201,—,IVABID OD 10MG TAB,unmatched,10TAB,8.00,10.00,8.00,"₹2,928",0,10.00,"₹3,294",2.00,7.00,0,0
,202,—,IVABID OD 15MG TAB,unmatched,10,0,0,0,—,0,0,—,0,0,0,0
,203,—,JANUMET 50/1000MG TAB,unmatched,15TAB,111.00,50.00,45.00,"₹12,214",0,116.00,"₹28,338",38.00,128.00,0,0
,204,—,JANUMET 50/500MG TAB,unmatched,15TAB,196.00,150.00,141.00,"₹37,768",2.00,207.00,"₹49,904",204.00,262.00,0,0
,205,—,JANUMET XR CP,unmatched,7+7,53.00,20.00,26.00,"₹5,757",0,47.00,"₹9,367",7.00,31.00,0,0
,206,—,JANUVIA 100MG TAB,unmatched,7,135.00,100.00,84.00,"₹17,700",0,151.00,"₹28,636",117.00,79.00,0,0
,207,—,JANUVIA 50MG TAB,unmatched,7,101.00,100.00,117.00,"₹24,237",0,84.00,"₹15,660",73.00,45.00,0,0
,208,—,KENACORT 10MG INJ,unmatched,1ML,91.00,100.00,91.00,"₹5,982",0,100.00,"₹6,118",40.00,57.00,0,0
,209,—,KENACORT 40MG INJ,unmatched,1ML,175.00,0,49.00,"₹7,917",0,126.00,"₹18,322",76.00,107.00,0,0
,210,—,KENACORT 4MG TAB,unmatched,15,30.00,0,5.00,₹694,0,25.00,"₹3,122",16.00,10.00,0,0
,211,—,KENACORT HEXA 20MG INJ,unmatched,1ML,0,0,0,—,0,0,—,0,0,0,0
,212,—,KENACORT NEW 0.1%APPLICATOR,unmatched,7.5GM,89.00,800.00,808.00,"₹95,127",0,81.00,"₹9,461",90.00,67.00,0,0
,213,—,KETOMASTER SHAMPOO,unmatched,100ML,22.00,10.00,20.00,"₹6,322",0,12.00,"₹3,594",2.00,17.00,0,0
,214,—,LEVESAM 250MG (DPCO),unmatched,15TAB,0,0,0,—,0,0,—,0,0,0,0
,215,—,LEVESAM 500MG TAB (DPCO),unmatched,15TAB,30.00,0,8.00,"₹1,268",0,22.00,"₹3,138",24.00,8.00,0,0
,216,—,LIBRAX TAB,unmatched,20TAB,359.00,0,263.00,"₹41,849",0,96.00,"₹13,748",247.00,81.00,0,0
,217,—,LIBRIUM 10MG TAB,unmatched,15,103.00,70.00,72.00,"₹8,834",0,101.00,"₹11,152",84.00,36.00,0,0
,218,—,LIBRIUM 25MG TAB,unmatched,15TAB,34.00,0,5.00,₹934,0,29.00,"₹4,876",11.00,11.00,0,0
,219,—,LIBRIUM 5MG TAB,unmatched,15TAB,38.00,0,5.00,₹530,0,33.00,"₹3,151",1.00,5.00,0,0
,220,—,LIMCEE TAB,unmatched,15TAB,0,"2,400.00","1,477.00","₹27,768",0,923.00,"₹15,617","1,800.00","2,433.00",0,0
,221,—,LINGRETIN D TAB,unmatched,10,0,0,0,—,0,0,—,0,0,0,0
,222,—,LINORMA T3 20MCG TAB,unmatched,100TAB,13.00,0,5.00,"₹6,171",0,8.00,"₹9,257",2.00,5.00,0,0
,223,—,LINORMA T3 5 MCG TAB,unmatched,100,13.00,10.00,13.00,"₹12,600",0,10.00,"₹9,000",10.00,9.00,0,0
,224,—,LOBATE GN CREAM,unmatched,15GM,8.00,0,1.00,₹69,0,7.00,₹432,0,5.00,0,0
,225,—,LOBATE S OINT,unmatched,30GM,8.00,10.00,7.00,"₹1,287",0,11.00,"₹1,820",2.00,6.00,0,0
,226,—,LOBATE SKIN CREAM,unmatched,30GM,28.00,0,9.00,"₹1,724",0,19.00,"₹3,276",12.00,19.00,0,0
,227,—,MADOPAR TAB,unmatched,10TAB,40.00,30.00,45.00,"₹13,061",0,25.00,"₹6,531",10.00,0,0,0
,228,—,MAZETOL 100MG TAB (DPCO),unmatched,10TAB,29.00,40.00,16.00,₹139,0,53.00,₹413,43.00,20.00,0,0
,229,—,MAZETOL 200MG TAB (DPCO),unmatched,10TAB,336.00,0,130.00,"₹1,660",0,206.00,"₹2,367",156.00,152.00,0,0
,230,—,MAZETOL 400MG TAB (DPCO),unmatched,10TAB,30.00,0,10.00,₹289,0,20.00,₹520,0,10.00,0,0
,231,—,MAZETOL SR 200MG TAB (DPCO),unmatched,15TAB,37.00,0,0,—,0,37.00,₹975,24.00,12.00,0,0
,232,—,MAZETOL SR 300MG,unmatched,15,10.00,0,4.00,₹220,0,6.00,₹297,0,8.00,0,0
,233,—,MAZETOL SR 400MG TAB (DPCO),unmatched,15,29.00,0,14.00,₹796,0,15.00,₹768,11.00,4.00,0,0
,234,—,MDD XR 100,unmatched,15,31.00,0,7.00,"₹3,443",0,24.00,"₹10,625",14.00,8.00,0,0
,235,—,MDD XR 50,unmatched,15,36.00,0,16.00,"₹3,884",0,20.00,"₹4,806",35.00,33.00,0,0
,236,—,MELAGARD MATTE SPF 30+,unmatched,50GM,0,0,0,—,0,0,—,0,0,0,0
,237,—,MELAGARD MATTE SPF 50+,unmatched,50GM,0,0,0,—,0,0,—,0,0,0,0
,238,—,MELAGARD NEW 50+,unmatched,60ML,8.00,0,3.00,"₹1,710",0,5.00,"₹2,565",0,0,5.00,0
,239,—,MELAGLOW NEW,unmatched,30GM,12.00,0,2.00,"₹1,234",0,10.00,"₹5,553",4.00,2.00,0,0
,240,—,MELAGLOW NEW CREAM,unmatched,15GM,12.00,0,3.00,₹988,0,9.00,"₹2,669",2.00,4.00,0,0
,241,—,MELAGLOW PP CREAM,unmatched,40GM,15.00,0,2.00,"₹1,722",0,13.00,"₹10,074",5.00,2.00,0,0
,242,—,MELAGLOW PP FASHWASH,unmatched,100ML,7.00,0,0,—,0,7.00,"₹3,054",0,1.00,2.00,0
,243,—,MELAGLOW PRIME,unmatched,20GM,12.00,0,6.00,"₹2,197",0,6.00,"₹1,977",2.00,3.00,0,0
,244,—,MELAGLOW PRIME LOTION,unmatched,50GM,12.00,0,1.00,₹474,0,11.00,"₹4,692",6.00,0,1.00,0
,245,—,MELAGLOW RICH,unmatched,20GM,23.00,0,8.00,"₹3,135",0,15.00,"₹5,290",21.00,17.00,0,0
,246,—,MELALITE 15 CREAM,unmatched,50GM,103.00,0,4.00,₹728,0,99.00,"₹16,206",1.00,10.00,0,0
,247,—,MELALITE FORTE CREAM,unmatched,30GM,190.00,100.00,168.00,"₹21,840",0,122.00,"₹14,988",210.00,115.00,0,0
,248,—,MELALITE XL,unmatched,15GM,19.00,30.00,19.00,"₹5,131",1.00,31.00,"₹7,535",15.00,3.00,0,0
,249,—,MIGDITAN 100MG,unmatched,4,0,0,0,—,0,0,—,0,0,0,0
,250,—,MIGDITAN 50MG,unmatched,4,0,0,0,—,0,0,—,0,0,0,0
,251,—,MINICHEK,unmatched,60ML,5.00,3.00,3.00,"₹2,270",0,5.00,"₹3,405",1.00,1.00,0,0
,252,—,MINICHEK ANTI HAIR SHAMPOO,unmatched,100ML,0,0,0,—,0,0,—,0,0,0,0
,253,—,MINICHEK F,unmatched,60ML,7.00,12.00,7.00,"₹6,296",0,12.00,"₹9,714",5.00,6.00,0,0
,254,—,MINICHEK F ULTRA,unmatched,60ML,0,0,0,—,0,0,—,0,0,0,0
,255,—,MINICHEK ULTRA,unmatched,60ML,9.00,0,0,—,0,9.00,"₹6,708",0,3.00,0,0
,256,—,MONTI FX TAB,unmatched,10TAB,11.00,20.00,10.00,"₹2,088",0,21.00,"₹3,947",19.00,33.00,0,0
,257,—,MYSOLINE 250MG TAB,unmatched,10TAB,63.00,0,30.00,"₹3,094",0,33.00,"₹3,403",44.00,16.00,0,0
,258,—,NEOMERCAZOLE 10MG TAB (DPCO),unmatched,130,30.00,20.00,22.00,"₹9,907",0,28.00,"₹11,348",23.00,19.00,0,0
,259,—,NEOMERCAZOLE 20MG TAB (DPCO),unmatched,130,6.00,0,1.00,"₹1,467",0,5.00,"₹6,603",0,4.00,0,0
,260,—,NEOMERCAZOLE 5MG TAB (DPCO),unmatched,130,44.00,30.00,30.00,"₹6,917",0,44.00,"₹9,161",30.00,39.00,0,0
,261,—,NERVUP FORTE TAB NEW,unmatched,15TAB,0,0,0,—,0,0,—,0,0,0,0
,262,—,NERVUP INJ,unmatched,1ML,18.00,0,3.00,₹277,0,15.00,"₹1,383",0,10.00,0,0
,263,—,NERVUP OD,unmatched,15CAP,50.00,0,18.00,"₹5,638",0,32.00,"₹9,020",27.00,30.00,0,0
,264,—,NERVUP PG CAP,unmatched,10CAP,13.00,0,5.00,"₹1,289",0,8.00,"₹1,856",5.00,7.00,0,0
,265,—,NERVUP PN TAB,unmatched,10TAB,0,0,0,—,0,0,—,0,0,0,0
,266,—,NICODUCE 10MG TAB,unmatched,20,0,10.00,0,—,0,10.00,"₹4,699",0,0,0,0
,267,—,NICODUCE 5 TAB,unmatched,20TAB,9.00,20.00,9.00,"₹3,441",0,20.00,"₹6,882",7.00,2.00,0,0
,268,—,OX MAZETOL 300MG TAB,unmatched,10TAB,8.00,10.00,8.00,₹985,0,10.00,"₹1,355",1.00,1.00,0,0
,269,—,OZEWID LOTION,unmatched,15ML,12.00,0,4.00,"₹1,037",0,8.00,"₹1,867",1.00,6.00,8.00,0
,270,—,PANKREOFLAT TAB,unmatched,15TAB,56.00,40.00,46.00,"₹10,769",0,50.00,"₹10,535",36.00,32.00,0,0
,271,—,PHENARGAN 10MG TAB,unmatched,10TAB,17.00,50.00,16.00,₹249,0,51.00,₹755,12.00,10.00,1.00,0
,272,—,PHENARGAN 25MG TAB,unmatched,10TAB,100.00,100.00,137.00,"₹5,750",1.00,64.00,"₹2,509",53.00,54.00,0,0
,273,—,PHENERGAN INJ,unmatched,2ML,329.00,0,289.00,"₹3,699",0,40.00,₹489,185.00,70.00,0,0
,274,—,PHENERGAN SY,unmatched,100ML,55.00,0,16.00,₹698,0,39.00,"₹1,530",29.00,17.00,0,0
,275,—,PHENSEDYL CR,unmatched,100ML,0,0,0,—,0,0,—,0,2.00,0,0
,276,—,PHENSEDYL LR SYRUP,unmatched,100ML,0,0,0,—,0,0,—,0,0,0,0
,277,—,PHENSEDYL T SYRUP,unmatched,100ML,0,0,0,—,0,0,—,0,0,0,0
,278,—,PHEXIN 250MG CAP,unmatched,10CAP,54.00,0,4.00,₹370,0,50.00,"₹4,166",6.00,0,0,0
,279,—,POLIEXAR 2MG CAP,unmatched,10CAP,12.00,0,0,—,0,12.00,"₹1,494",2.00,1.00,2.00,0
,280,—,PPG 0.2MG,unmatched,30TAB,6.00,10.00,5.00,"₹1,032",0,11.00,"₹2,042",2.00,3.00,0,0
,281,—,PPG 0.3MG,unmatched,30TAB,17.00,20.00,15.00,"₹4,708",0,22.00,"₹6,215",10.00,11.00,0,0
,282,—,PPG MET 0.2,unmatched,10TAB,14.00,0,0,—,0,14.00,"₹1,478",1.00,6.00,4.00,0
,283,—,PPG MET 0.3,unmatched,10TAB,16.00,0,6.00,₹970,0,10.00,"₹1,454",2.00,2.00,0,0
,284,—,PPG R 0.5,unmatched,15,0,0,0,—,0,0,—,0,0,0,0
,285,—,PPG R 1,unmatched,15,0,0,0,—,0,0,—,0,0,0,0
,286,—,PROTHIADEN 25MG,unmatched,15,20.00,44.00,29.00,"₹4,460",0,35.00,"₹4,844",20.00,14.00,0,0
,287,—,PROTHIADEN 50MG,unmatched,15,9.00,20.00,13.00,"₹3,937",0,16.00,"₹4,361",5.00,6.00,0,0
,288,—,PROTHIADEN 75MG,unmatched,15,34.00,0,16.00,"₹5,128",0,18.00,"₹5,193",8.00,11.00,0,0
,289,—,PROTHIADEN M,unmatched,15,0,0,0,—,0,0,—,0,0,0,0
,290,—,PROTHIADEN NEU CAP,unmatched,10CAP,20.00,0,0,—,-20.00,0,—,0,0,0,0
,291,—,PROTUSSA COUGH SYRUP,unmatched,60ML,61.00,0,27.00,"₹1,867",0,34.00,"₹2,116",21.00,25.00,34.00,0
,292,—,QUADRIDERM RF CREAM,unmatched,5GM,145.00,0,6.00,₹381,0,139.00,"₹7,954",7.00,25.00,0,0
,293,—,RASHFREE CREAM,unmatched,30GM,33.00,25.00,33.00,"₹6,567",0,25.00,"₹4,478",23.00,23.00,0,0
,294,—,REFSAV 100MG TAB,unmatched,14TAB,0,0,0,—,0,0,—,0,0,0,0
,295,—,REFSAV 50MG TAB,unmatched,14TAB,0,0,0,—,0,0,—,0,0,0,0
,296,—,REJOINT TAB NEW,unmatched,15TAB,142.00,0,73.00,"₹38,104",0,69.00,"₹32,414",98.00,64.00,0,0
,297,—,REJOINT UC,unmatched,10CAP,28.00,0,5.00,"₹4,163",1.00,24.00,"₹17,983",16.00,17.00,0,0
,298,—,REJOINT UC PLUS,unmatched,10TAB,20.00,0,7.00,"₹6,108",0,13.00,"₹10,209",12.00,6.00,0,0
,299,—,RIVAXA 10MG TAB,unmatched,15,14.00,0,5.00,"₹1,283",0,9.00,"₹2,079",0,4.00,0,0
,300,—,RIVAXA 15MG TAB,unmatched,15,7.00,0,1.00,₹342,0,6.00,"₹1,848",5.00,5.00,0,0
,301,—,RIVAXA 2.5MG TAB,unmatched,15,8.00,0,0,—,0,8.00,"₹1,129",1.00,0,8.00,0
,302,—,RIVAXA 20MG,unmatched,15,18.00,0,3.00,"₹1,193",0,15.00,"₹5,717",2.00,336.00,0,0
,303,—,RIVMD SMART 0.25MG TAB,unmatched,30TAB,20.00,10.00,10.00,₹491,0,20.00,₹883,20.00,10.00,0,0
,304,—,RIVMD SMART 0.5MG TAB,unmatched,30TAB,36.00,36.00,26.00,"₹2,190",0,46.00,"₹3,487",58.00,13.00,0,0
,305,—,RIVOTRIL 0.25MG (DPCO),unmatched,10TAB,53.00,200.00,158.00,"₹2,585",0,95.00,"₹1,398",210.00,173.00,0,0
,306,—,RIVOTRIL 0.5MG TAB (DPCO),unmatched,15TAB,416.00,500.00,599.00,"₹25,224",0,317.00,"₹12,014",609.00,619.00,0,0
,307,—,RIVOTRIL 2 MG TAB,unmatched,15,26.00,100.00,26.00,"₹4,916",0,100.00,"₹17,015",75.00,54.00,0,0
,308,—,ROCALTROL 0.25MG CAP,unmatched,10CAP,127.00,50.00,87.00,"₹23,492",0,90.00,"₹21,872",172.00,142.00,0,0
,309,—,ROCALTROL 0.5MG CAP,unmatched,10CAP,28.00,0,17.00,"₹7,286",0,11.00,"₹4,243",5.00,10.00,0,0
,310,—,ROCKBON D 400 IU TAB,unmatched,15,33.00,0,4.00,₹647,0,29.00,"₹4,221",21.00,15.00,0,0
,311,—,ROCKBON KIT TAB,unmatched,31TAB,9.00,0,2.00,₹979,0,7.00,"₹3,085",2.00,7.00,0,0
,312,—,ROCKBON TAB,unmatched,15TAB,36.00,30.00,30.00,"₹11,013",0,36.00,"₹11,894",30.00,18.00,0,0
,313,—,SAFEDICLO CAP,unmatched,10CAP,0,0,0,—,0,0,—,0,0,0,0
,314,—,SELSUN DAILY SHAMPOO,unmatched,120ML,0,0,0,—,0,0,—,1.00,2.00,0,0
,315,—,SELSUN DAILY SHAMPOO (2 IN,unmatched,1) 200ML,4.00,0,0,—,-4.00,0,—,1.00,1.00,0,0
,316,—,SELSUN S SHAMPOO,unmatched,120ML,20.00,20.00,16.00,"₹6,541",0,24.00,"₹8,830",20.00,15.00,0,0
,317,—,SELSUN SUSP,unmatched,200ML,11.00,10.00,11.00,"₹5,531",0,10.00,"₹4,526",9.00,4.00,0,0
,318,—,SETGI CAP,unmatched,10CAP,12.00,0,4.00,₹437,0,8.00,₹874,3.00,5.00,0,0
,319,—,SIAGLIDE 100MG TAB,unmatched,15TAB,20.00,420.00,424.00,"₹1,00,976",0,16.00,"₹3,429",0,5.00,0,0
,320,—,SIAGLIDE 50MG TAB,unmatched,15TAB,26.00,180.00,180.00,"₹33,883",0,26.00,"₹4,405",4.00,0,6.00,0
,321,—,SIAGLIDE D 100MG+10MG TAB,unmatched,10TAB,20.00,10.00,9.00,"₹1,634",0,21.00,"₹3,430",9.00,11.00,0,0
,322,—,SIAGLIDE M 50MG+1000MG TAB,unmatched,15TAB,17.00,20.00,8.00,"₹1,939",0,29.00,"₹6,328",10.00,9.00,0,0
,323,—,SIAGLIDE M 50MG+500MG TAB,unmatched,15TAB,17.00,0,8.00,"₹1,541",0,9.00,"₹1,675",8.00,6.00,0,0
,324,—,SIAGLIDE M OD 100/500MG,unmatched,10,20.00,0,7.00,"₹1,446",0,13.00,"₹2,417",0,0,0,0
,325,—,SIAGLIDE M OD 100MG+1000MG,unmatched,15TAB,7.00,0,2.00,₹565,0,5.00,"₹1,271",14.00,0,0,0
,326,—,SIAGLIDE MG 1 FORTE TAB,unmatched,10TAB,0,0,0,—,0,0,—,0,0,0,0
,327,—,SIAGLIDE MG 2 FORTE TAB,unmatched,10TAB,0,0,0,—,0,0,—,0,0,0,0
,328,Solfe Extra tablets 15s,SOLFE EXTRA TAB,matched,15,36.00,0,8.00,"₹1,728",0,28.00,"₹5,446",24.00,24.00,0,0
,329,Solfe FCM inj 10 ml,SOLFE FCM 50MG INJ,matched,10ML,48.00,0,0,—,0,48.00,"₹50,880",0,0,48.00,0
,330,—,SOLSPRE F MIST,unmatched,6GM,26.00,0,0,—,-26.00,0,—,9.00,3.00,0,0
,331,—,SOLSPRE NASAL SPRAY,unmatched,100ML,36.00,0,35.00,"₹13,941",0,1.00,₹358,29.00,26.00,0,0
,332,—,SORBITRATE 10MG,unmatched,50TAB,57.00,0,4.00,₹131,0,53.00,"₹1,565",22.00,22.00,0,0
,333,—,SORBITRATE 5MG (DPCO),unmatched,50TAB,109.00,120.00,109.00,"₹3,619",0,120.00,"₹3,586",59.00,59.00,0,0
,334,—,STATOR 10MG TAB (DPCO),unmatched,15TAB,56.00,0,17.00,"₹1,031",0,39.00,"₹2,129",21.00,21.00,0,0
,335,—,STATOR 20MG TAB (DPCO),unmatched,15TAB,27.00,0,0,—,0,27.00,"₹3,725",3.00,8.00,0,0
,336,—,STATOR 40MG TAB (DPCO),unmatched,15TAB,8.00,0,1.00,₹236,0,7.00,"₹1,484",8.00,1.00,0,0
,337,—,STATOR ASP 75,unmatched,15CAP,5.00,0,0,—,0,5.00,₹284,3.00,1.00,5.00,0
,338,—,STATOR F TAB,unmatched,15,20.00,0,7.00,"₹1,807",0,13.00,"₹3,021",10.00,16.00,0,0
,339,—,STATOR GOLD 20MG CAP,unmatched,15CAP,8.00,0,0,—,-8.00,0,—,0,0,0,0
,340,—,STEMETIL INJ,unmatched,1ML,520.00,500.00,520.00,"₹10,513",0,500.00,"₹9,635",670.00,410.00,0,0
,341,—,STEMETIL MD TAB,unmatched,15,59.00,320.00,239.00,"₹32,834",0,140.00,"₹18,808",188.00,173.00,0,0
,342,—,STEMETIL VM TAB,unmatched,15TAB,11.00,0,0,—,0,11.00,"₹1,591",4.00,0,11.00,0
,343,—,SUPERMET AM TAB,unmatched,10TAB,13.00,0,0,—,0,13.00,"₹1,867",5.00,0,3.00,0
,344,—,SUPERMET XL 100MG (DPCO),unmatched,10TAB,10.00,0,0,—,0,10.00,"₹1,079",5.00,0,10.00,0
,345,—,SUPERMET XL 25MG (DPCO),unmatched,15,26.00,0,6.00,₹291,0,20.00,₹872,16.00,16.00,0,0
,346,—,SUPERMET XL 50MG (DPCO),unmatched,15TAB,11.00,0,0,—,0,11.00,₹703,9.00,0,0,0
,347,—,SUPRA PLUS,unmatched,15,93.00,0,65.00,"₹3,240",0,28.00,"₹1,256",92.00,115.00,0,0
,348,—,SUPRACTIV NEW CAP,unmatched,15CAP,0,0,0,—,0,0,—,0,0,0,0
,349,—,SURBEX CV,unmatched,15TAB,0,0,0,—,0,0,—,0,0,0,0
,350,—,SURBEX FE 30MG CHEW,unmatched,15TAB,16.00,0,6.00,"₹1,782",0,10.00,"₹2,673",9.00,6.00,0,0
,351,—,SURBEX GOLD CAP,unmatched,15CAP,13.00,0,9.00,"₹2,113",0,4.00,₹845,3.00,7.00,0,0
,352,—,SURBEX STAR CAP,unmatched,10CAP,15.00,0,0,—,0,15.00,"₹2,917",0,10.00,0,0
,353,—,SURBEX XT TAB,unmatched,15TAB,57.00,0,32.00,"₹4,382",0,25.00,"₹3,082",30.00,41.00,0,0
,354,—,SZETALO 10MG (DPCO),unmatched,15,10.00,0,4.00,₹438,1.00,7.00,₹692,12.00,0,0,0
,355,—,SZETALO 20MG (DPCO),unmatched,15,10.00,0,0,—,0,10.00,"₹1,578",0,5.00,0,0
,356,—,SZETALO 5MG (DPCO),unmatched,15,11.00,0,2.00,₹120,0,9.00,₹496,3.00,6.00,0,0
,357,—,SZETALO LS TAB,unmatched,15,18.00,0,0,—,0,18.00,"₹3,645",5.00,0,8.00,0
,358,—,SZETALO PLUS MD TAB,unmatched,10TAB,1.00,0,0,—,0,1.00,₹136,0,0,1.00,0
,359,—,SZETALO PLUS TAB,unmatched,15,10.00,30.00,33.00,"₹9,537",0,7.00,"₹1,821",6.00,7.00,0,0
,360,—,TACITINIX 5MG TAB,unmatched,10TAB,14.00,0,0,—,-14.00,0,—,0,0,0,0
,361,—,TACITINIX ER TAB,unmatched,10TAB,10.00,0,0,—,-10.00,0,—,0,0,0,0
,362,—,TACITINIX OINT,unmatched,15GM,19.00,0,0,—,0,19.00,"₹9,772",0,0,19.00,0
,363,—,TELPRES 20MG (DPCO),unmatched,15,14.00,10.00,8.00,₹379,0,16.00,₹682,5.00,4.00,0,0
,364,—,TELPRES 40CT/12.5MG,unmatched,15TAB,21.00,20.00,20.00,"₹2,421",0,21.00,"₹2,288",10.00,7.00,0,0
,365,—,TELPRES 40CT/6.25MG,unmatched,15TAB,20.00,0,6.00,₹543,0,14.00,"₹1,141",10.00,11.00,0,0
,366,—,TELPRES 40H MG 12.5MG,unmatched,15TAB,11.00,0,2.00,₹581,0,9.00,"₹2,354",2.00,2.00,0,0
,367,—,TELPRES 40MG (DPCO),unmatched,15TAB,23.00,10.00,14.00,"₹1,155",0,19.00,"₹1,411",13.00,16.00,0,0
,368,—,TELPRES 80MG TAB (DPCO),unmatched,15,12.00,0,0,—,-2.00,10.00,"₹1,143",4.00,0,0,0
,369,—,TELPRES AM TAB,unmatched,15,8.00,0,0,—,0,8.00,"₹1,807",0,0,8.00,0
,370,—,TELPRES AMH TAB,unmatched,10TAB,0,0,0,—,0,0,—,0,0,0,0
,371,—,TELPRES LN 40MG TAB,unmatched,10TAB,10.00,0,4.00,₹304,0,6.00,₹410,4.00,5.00,0,0
,372,—,TELPRES MT 25MG,unmatched,15TAB,13.00,0,0,—,0,13.00,"₹3,816",7.00,4.00,0,0
,373,—,TELPRES MT 50MG,unmatched,15TAB,6.00,0,2.00,₹724,0,4.00,"₹1,303",4.00,3.00,0,0
,374,—,TELPRES TRIO,unmatched,10TAB,0,0,0,—,0,0,—,0,0,0,0
,375,—,TELPRESS TRIO 12.5 MG TAB,unmatched,15,13.00,0,0,—,0,13.00,"₹2,048",0,7.00,13.00,0
,376,—,TG GOAL 145 TAB,unmatched,10TAB,14.00,0,3.00,₹657,0,11.00,"₹2,167",0,1.00,1.00,0
,377,—,THIOSPAS 4MG CAP,unmatched,15,10.00,10.00,5.00,"₹1,515",3.00,18.00,"₹4,909",2.00,0,0,0
,378,—,THIOSPAS A 4 TABLETS,unmatched,15,10.00,0,4.00,"₹1,405",0,6.00,"₹1,897",5.00,6.00,0,0
,379,—,THIOSPAS A 8 TABLETS,unmatched,15,0,0,0,—,0,0,—,0,0,0,0
,380,—,THYROCAL D3 TAB,unmatched,30TAB,0,0,0,—,0,0,—,2.00,0,0,0
,381,—,THYRONORM (100MCG)TAB,unmatched,120TAB,137.00,48.00,128.00,"₹16,232",0,57.00,"₹6,598",119.00,130.00,0,0
,382,—,THYRONORM (112MCG) TAB,unmatched,120TAB,18.00,12.00,14.00,"₹2,220",0,16.00,"₹2,334",10.00,2.00,0,0
,383,—,THYRONORM (12.5 MCG) TAB,unmatched,120TAB,45.00,0,32.00,"₹4,626",0,13.00,"₹1,691",30.00,41.00,0,0
,384,—,THYRONORM (125MCG) TAB,unmatched,120TAB,28.00,36.00,34.00,"₹5,546",0,30.00,"₹4,457",42.00,32.00,0,0
,385,—,THYRONORM (137MCG) TAB,unmatched,120TAB,11.00,0,1.00,₹212,0,10.00,"₹1,908",1.00,2.00,0,0
,386,—,THYRONORM (150MCG) TAB,unmatched,120TAB,26.00,0,7.00,"₹1,162",0,19.00,"₹2,839",22.00,21.00,0,0
,387,—,THYRONORM (200MCG) TAB,unmatched,120TAB,14.00,12.00,10.00,"₹1,782",0,16.00,"₹2,760",1.00,2.00,0,0
,388,—,THYRONORM (25MCG) TAB,unmatched,120TAB,134.00,0,113.00,"₹15,920",0,21.00,"₹2,670",123.00,88.00,0,0
,389,—,THYRONORM (37.5MCG) TAB,unmatched,120TAB,17.00,12.00,14.00,"₹2,004",0,15.00,"₹1,932",8.00,12.00,0,0
,390,—,THYRONORM (50MCG) TAB,unmatched,120TAB,157.00,0,111.00,"₹11,025",0,46.00,"₹4,164",154.00,137.00,0,0
,391,—,THYRONORM (62.5MCG) TAB,unmatched,120TAB,26.00,0,16.00,"₹2,516",0,10.00,"₹1,415",12.00,11.00,0,0
,392,—,THYRONORM (75MCG) TAB,unmatched,120TAB,54.00,60.00,103.00,"₹14,339",0,11.00,"₹1,388",71.00,69.00,0,0
,393,—,THYRONORM (88MCG) TAB,unmatched,120TAB,23.00,0,14.00,"₹2,254",0,9.00,"₹1,304",17.00,14.00,0,0
,394,—,THYROWEL PLUS TAB,unmatched,15TAB,24.00,10.00,21.00,"₹5,168",0,13.00,"₹2,879",9.00,15.00,0,0
,395,—,TIXYLIX G SYRUP,unmatched,60ML,47.00,0,13.00,₹882,0,34.00,"₹2,076",12.00,47.00,0,0
,396,—,TIXYLIX LS,unmatched,100ML,16.00,0,10.00,"₹1,016",0,6.00,₹549,10.00,7.00,6.00,0
,397,—,TIXYLIX LS JR. SYRUP,unmatched,60ML,35.00,0,35.00,"₹2,496",0,0,—,33.00,14.00,0,0
,398,—,TIXYLIX NEW SYRUP,unmatched,60ML,540.00,0,37.00,"₹3,271",0,503.00,"₹40,024",53.00,7.00,0,0
,399,—,TIXYLIX SY,unmatched,60ML,0,0,0,—,0,0,—,19.00,27.00,0,0
,400,—,TOOTHMIN,unmatched,70GM,12.00,10.00,7.00,"₹1,680",0,15.00,"₹3,240",11.00,10.00,0,0
,401,—,TOOTHMIN AF MOUTHWASH,unmatched,150ML,0,0,0,—,0,0,—,0,0,0,0
,402,—,TOSSEX DMR SYRUP,unmatched,100ML,77.00,0,9.00,₹988,0,68.00,"₹6,720",9.00,5.00,0,0
,403,—,TOSSEX NEW SYRUP,unmatched,100ML,0,0,0,—,0,0,—,0,0,0,0
,404,—,TOSSEX SYRUP,unmatched,120ML,227.00,0,142.00,"₹27,510",0,85.00,"₹14,821",73.00,58.00,0,0
,405,—,TRIBET 1 TAB,unmatched,15,10.00,20.00,4.00,₹959,0,26.00,"₹5,608",7.00,7.00,0,0
,406,—,TRIBET 2 TAB,unmatched,15TAB,42.00,40.00,34.00,"₹9,740",0,48.00,"₹12,375",14.00,13.00,0,0
,407,—,TRIBETROL 1 TAB,unmatched,15TAB,5.00,0,0,—,0,5.00,₹891,0,0,5.00,0
,408,—,TRIBETROL 2 TAB,unmatched,15TAB,14.00,0,5.00,"₹1,333",0,9.00,"₹2,159",5.00,2.00,0,0
,409,—,TVAKSH FACE GUARD SPF 30+,unmatched,50GM,7.00,0,1.00,₹584,0,6.00,"₹3,152",1.00,1.00,6.00,0
,410,—,TVAKSH FACE GUARD SPF 50+,unmatched,30GM,14.00,0,7.00,"₹3,687",0,7.00,"₹3,319",6.00,13.00,0,0
,411,—,TYZA CREAM,unmatched,30GM,5.00,0,0,—,0,5.00,₹577,2.00,3.00,0,0
,412,—,TYZA DUSTING POW,unmatched,50GM,10.00,0,0,—,0,10.00,"₹1,617",1.00,1.00,0,0
,413,—,TYZA M CREAM,unmatched,10GM,16.00,0,6.00,₹573,0,10.00,₹859,8.00,5.00,0,0
,414,—,TYZA TAB,unmatched,10,11.00,0,2.00,₹429,0,9.00,"₹1,737",6.00,11.00,0,0
,415,—,UDILIV 150MG TAB,unmatched,15TAB,33.00,0,27.00,"₹10,842",0,6.00,"₹2,168",25.00,21.00,0,0
,416,—,UDILIV 300MG TAB,unmatched,15TAB,89.00,0,66.00,"₹46,461",2.00,25.00,"₹15,839",82.00,39.00,0,0
,417,—,UDILIV 450MG TAB,unmatched,10TAB,34.00,45.00,35.00,"₹19,218",0,44.00,"₹21,744",4.00,19.00,0,0
,418,—,UDILIV 600MG TAB,unmatched,10TAB,30.00,0,2.00,"₹1,410",0,28.00,"₹17,763",0,0,5.00,0
,419,—,UDISTRONG SACHET,unmatched,6.5GM,0,0,0,—,0,0,—,0,0,0,0
,420,—,UVOX 100MG,unmatched,10TAB,26.00,0,0,—,0,26.00,"₹9,169",17.00,5.00,0,0
,421,—,UVOX 50MG,unmatched,10TAB,31.00,30.00,30.00,"₹6,724",0,31.00,"₹6,272",8.00,19.00,0,0
,422,—,UVOX CR 100,unmatched,10TAB,21.00,10.00,11.00,"₹3,919",0,20.00,"₹6,412",4.00,10.00,0,0
,423,—,UVOX CR 150,unmatched,10TAB,47.00,40.00,41.00,"₹18,034",0,46.00,"₹18,210",32.00,16.00,0,0
,424,—,VALANCE OD 1000MG TAB,unmatched,15,9.00,10.00,3.00,₹862,0,16.00,"₹4,551",10.00,1.00,6.00,0
,425,—,VALANCE OD 250MG,unmatched,15TAB,38.00,40.00,52.00,"₹8,407",0,26.00,"₹3,783",29.00,36.00,0,0
,426,—,VALANCE OD 500MG,unmatched,15TAB,34.00,0,16.00,"₹4,602",0,18.00,"₹4,719",6.00,45.00,0,0
,427,—,VALANCE OD 750MG,unmatched,15TAB,25.00,30.00,26.00,"₹8,974",0,29.00,"₹9,009",15.00,7.00,0,0
,428,—,VALANCE SOLUTION 250MG,unmatched,100 ML,11.00,0,4.00,₹873,0,7.00,"₹1,375",5.00,7.00,0,0
,429,—,VALANCE SOLUTION 500MG,unmatched,200ML,7.00,0,1.00,₹695,0,6.00,"₹3,754",3.00,2.00,0,0
,430,—,VERTIN 16MG TAB,unmatched,15TAB,160.00,0,111.00,"₹34,331",0,49.00,"₹13,640",173.00,114.00,0,0
,431,—,VERTIN 24MG TAB,unmatched,15TAB,39.00,0,16.00,"₹6,461",0,23.00,"₹8,359",13.00,34.00,0,0
,432,—,VERTIN 8MG TAB,unmatched,15TAB,122.00,50.00,155.00,"₹25,687",0,17.00,"₹2,569",188.00,175.00,0,0
,433,—,VERTIN DT 16MG,unmatched,15,8.00,0,0,—,-8.00,0,—,0,0,0,0
,434,—,VERTIN DT 24MG,unmatched,15,10.00,0,0,—,0,10.00,"₹3,634",0,0,0,0
,435,—,VERTIN DT 8MG,unmatched,15,10.00,0,0,—,0,10.00,"₹1,374",0,0,0,0
,436,—,VERTIN OD 24,unmatched,15,16.00,10.00,7.00,"₹3,345",0,19.00,"₹8,172",8.00,14.00,0,0
,437,—,VERTIN OD 48,unmatched,15,27.00,10.00,12.00,"₹8,791",0,25.00,"₹16,484",19.00,9.00,0,0
,438,—,XAPILIS 2.5MG,unmatched,10,27.00,0,13.00,"₹1,685",0,14.00,"₹1,634",18.00,12.00,0,0
,439,—,XAPILIS 5MG TAB,unmatched,10,40.00,0,3.00,₹493,0,37.00,"₹5,468",17.00,2.00,0,0
,440,—,XEVOR 5MG TAB,unmatched,15,9.00,10.00,8.00,₹331,0,11.00,₹409,3.00,7.00,0,0
,441,—,ZIL O TAB,unmatched,10TAB,12.00,0,0,—,0,12.00,"₹1,444",0,3.00,12.00,0
,442,—,ZOLEPHOS,unmatched,100ML,1.00,0,1.00,"₹3,042",0,0,—,0,0,0,0
,443,—,ZOLFRESH 10MG TAB,unmatched,15TAB,131.00,250.00,284.00,"₹29,505",0,97.00,"₹9,070",180.00,161.00,0,0
,444,—,ZOLFRESH 5MG TAB,unmatched,15TAB,135.00,100.00,124.00,"₹9,399",0,111.00,"₹7,572",158.00,68.00,0,0
,445,—,ZOLFRESH ODT 10MG TAB,unmatched,15TAB,0,0,0,—,0,0,—,0,0,0,0
